"woj","o_l","o_z","o_z_wsk","l_0_4","z_0_4","l_5_14","z_5_14","l_15_64","z_15_64","l_65","z_65","tydz","data"
"Dolnośląskie",5056,24.91,2.56,1114,115.71,915,46.05,2259,16.67,768,20.23,"2020_01A","1_do_7_stycznia_2020"
"Kujawsko-Pomorskie",4978,34.28,-8.26,1210,175.3,931,61.74,2292,23.4,545,21.55,"2020_01A","1_do_7_stycznia_2020"
"Lubelskie",3020,20.43,-6.37,611,88.8,650,43.71,1352,13.65,407,15.05,"2020_01A","1_do_7_stycznia_2020"
"Lubuskie",885,12.48,-10.68,194,57.48,176,23.55,439,9.18,76,6.21,"2020_01A","1_do_7_stycznia_2020"
"Łódzkie",3765,21.86,-0.29,858,108.68,689,41.03,1697,14.96,521,15.27,"2020_01A","1_do_7_stycznia_2020"
"Małopolskie",8965,37.61,-3.23,2221,172.16,1814,71.39,3884,24.28,1046,26.12,"2020_01A","1_do_7_stycznia_2020"
"Mazowieckie",17530,46.28,-8.04,4235,202.55,3169,77.13,8199,32.92,1927,28.44,"2020_01A","1_do_7_stycznia_2020"
"Opolskie",824,11.96,-4.91,203,67.37,131,21.05,359,7.65,131,10.26,"2020_01A","1_do_7_stycznia_2020"
"Podkarpackie",1549,10.4,-1.34,324,44.56,263,17.18,736,7.25,226,9.11,"2020_01A","1_do_7_stycznia_2020"
"Podlaskie",1344,16.28,-4.63,410,102.68,222,27.52,599,10.69,113,7.81,"2020_01A","1_do_7_stycznia_2020"
"Pomorskie",14216,86.87,-19.76,3760,411.19,2564,140.28,6366,58.41,1526,56.03,"2020_01A","1_do_7_stycznia_2020"
"Śląskie",7728,24.4,-2.36,2072,139.41,1342,43.22,3468,16.44,846,14.15,"2020_01A","1_do_7_stycznia_2020"
"Świętokrzyskie",1423,16.43,-11.89,410,110.88,289,35.17,563,9.72,161,9.6,"2020_01A","1_do_7_stycznia_2020"
"Warmińsko-Mazurskie",1550,15.53,-5.26,353,74.44,273,25.86,703,10.29,221,13.63,"2020_01A","1_do_7_stycznia_2020"
"Wielkopolskie",13935,56.95,-25.68,3198,239.58,2473,91.65,6636,40.49,1628,40.23,"2020_01A","1_do_7_stycznia_2020"
"Zachodniopomorskie",2443,20.55,6.12,670,124.02,568,47.94,916,11.43,289,13.45,"2020_01A","1_do_7_stycznia_2020"
"Dolnośląskie",6654,28.68,3.77,1357,123.33,1067,46.99,3284,21.2,946,21.8,"2020_01B","8_do_15_stycznia_2020"
"Kujawsko-Pomorskie",7157,43.12,8.84,1746,221.33,1499,86.98,3088,27.59,824,28.51,"2020_01B","8_do_15_stycznia_2020"
"Lubelskie",4542,26.88,6.45,978,124.38,818,48.14,2143,18.93,603,19.51,"2020_01B","8_do_15_stycznia_2020"
"Lubuskie",1282,15.82,3.34,272,70.51,239,27.99,672,12.29,99,7.08,"2020_01B","8_do_15_stycznia_2020"
"Łódzkie",5235,26.6,4.74,1141,126.47,923,48.1,2450,18.9,721,18.49,"2020_01B","8_do_15_stycznia_2020"
"Małopolskie",14236,52.26,14.65,3316,224.91,2851,98.17,6612,36.16,1457,31.84,"2020_01B","8_do_15_stycznia_2020"
"Mazowieckie",19134,44.2,-2.08,4244,177.6,3322,70.75,9299,32.67,2269,29.3,"2020_01B","8_do_15_stycznia_2020"
"Opolskie",1258,15.98,4.02,238,69.11,170,23.9,616,11.49,234,16.04,"2020_01B","8_do_15_stycznia_2020"
"Podkarpackie",2917,17.14,6.74,620,74.6,494,28.24,1372,11.82,431,15.2,"2020_01B","8_do_15_stycznia_2020"
"Podlaskie",2616,27.73,11.45,694,152.08,431,46.75,1134,17.71,357,21.59,"2020_01B","8_do_15_stycznia_2020"
"Pomorskie",19235,102.85,15.98,5249,502.27,3540,169.46,8456,67.89,1990,63.93,"2020_01B","8_do_15_stycznia_2020"
"Śląskie",9368,25.88,1.48,2164,127.4,1422,40.07,4626,19.19,1156,16.91,"2020_01B","8_do_15_stycznia_2020"
"Świętokrzyskie",2872,29.01,12.58,696,164.69,554,59,1298,19.61,324,16.9,"2020_01B","8_do_15_stycznia_2020"
"Warmińsko-Mazurskie",2171,19.03,3.5,454,83.77,412,34.15,980,12.55,325,17.54,"2020_01B","8_do_15_stycznia_2020"
"Wielkopolskie",21557,77.09,20.14,4449,291.64,4074,132.11,10399,55.52,2635,56.97,"2020_01B","8_do_15_stycznia_2020"
"Zachodniopomorskie",2196,16.16,-4.39,362,58.63,443,32.72,1046,11.42,345,14.05,"2020_01B","8_do_15_stycznia_2020"
"Dolnośląskie",8144,40.12,9.5,1800,186.97,2027,102.01,3434,25.34,883,23.26,"2020_01C","16_do_22_stycznia_2020"
"Kujawsko-Pomorskie",7310,50.34,7.21,1733,251.07,2211,146.63,2731,27.88,635,25.11,"2020_01C","16_do_22_stycznia_2020"
"Lubelskie",3590,24.28,-2.6,762,110.75,722,48.56,1670,16.86,436,16.12,"2020_01C","16_do_22_stycznia_2020"
"Lubuskie",1457,20.55,4.73,331,98.06,419,56.08,578,12.08,129,10.55,"2020_01C","16_do_22_stycznia_2020"
"Łódzkie",5090,29.56,2.96,1233,156.19,1040,61.94,2125,18.74,692,20.28,"2020_01C","16_do_22_stycznia_2020"
"Małopolskie",16744,70.25,17.99,3680,285.25,4692,184.64,6934,43.34,1438,35.91,"2020_01C","16_do_22_stycznia_2020"
"Mazowieckie",21493,56.74,12.54,4806,229.86,4762,115.9,9737,39.1,2188,32.29,"2020_01C","16_do_22_stycznia_2020"
"Opolskie",1369,19.87,3.89,349,115.82,271,43.54,591,12.6,158,12.38,"2020_01C","16_do_22_stycznia_2020"
"Podkarpackie",2347,15.76,-1.38,506,69.58,403,26.33,1133,11.16,305,12.29,"2020_01C","16_do_22_stycznia_2020"
"Podlaskie",2050,24.83,-2.89,525,131.48,425,52.69,878,15.67,222,15.34,"2020_01C","16_do_22_stycznia_2020"
"Pomorskie",18124,110.75,7.9,5568,608.91,3546,194,7397,67.87,1613,59.22,"2020_01C","16_do_22_stycznia_2020"
"Śląskie",10143,32.03,6.14,2650,178.31,1725,55.55,4637,21.98,1131,18.91,"2020_01C","16_do_22_stycznia_2020"
"Świętokrzyskie",3500,40.41,11.4,801,216.61,770,93.72,1510,26.07,419,24.98,"2020_01C","16_do_22_stycznia_2020"
"Warmińsko-Mazurskie",2264,22.68,3.65,520,109.66,519,49.17,940,13.76,285,17.58,"2020_01C","16_do_22_stycznia_2020"
"Wielkopolskie",21882,89.43,12.34,5195,389.19,5612,207.97,8960,54.67,2115,52.26,"2020_01C","16_do_22_stycznia_2020"
"Zachodniopomorskie",2189,18.41,2.25,466,86.26,593,50.05,889,11.09,241,11.22,"2020_01C","16_do_22_stycznia_2020"
"Dolnośląskie",15094,57.83,17.71,3088,249.48,4666,182.64,5821,33.4,1519,31.12,"2020_01D","23_do_31_stycznia_2020"
"Kujawsko-Pomorskie",14938,80.01,29.67,3849,433.71,4600,237.27,5384,42.75,1105,33.98,"2020_01D","23_do_31_stycznia_2020"
"Lubelskie",5669,29.82,5.54,1248,141.08,1111,58.11,2586,20.3,724,20.82,"2020_01D","23_do_31_stycznia_2020"
"Lubuskie",2063,22.63,2.08,521,120.05,676,70.37,697,11.33,169,10.75,"2020_01D","23_do_31_stycznia_2020"
"Łódzkie",7342,33.16,3.6,1989,195.96,1584,73.37,2880,19.75,889,20.26,"2020_01D","23_do_31_stycznia_2020"
"Małopolskie",32915,107.41,37.16,7451,449.21,10366,317.28,12307,59.83,2791,54.22,"2020_01D","23_do_31_stycznia_2020"
"Mazowieckie",32840,67.43,10.69,7353,273.52,9230,174.73,13538,42.28,2719,31.21,"2020_01D","23_do_31_stycznia_2020"
"Opolskie",2535,28.61,8.75,678,175.01,609,76.11,986,16.35,262,15.96,"2020_01D","23_do_31_stycznia_2020"
"Podkarpackie",3218,16.81,1.05,715,76.48,687,34.91,1403,10.75,413,12.95,"2020_01D","23_do_31_stycznia_2020"
"Podlaskie",3892,36.67,11.84,1024,199.46,921,88.81,1479,20.53,468,25.16,"2020_01D","23_do_31_stycznia_2020"
"Pomorskie",24197,115.01,4.25,7094,603.4,4905,208.72,10048,71.71,2150,61.4,"2020_01D","23_do_31_stycznia_2020"
"Śląskie",13946,34.25,2.22,3716,194.47,2475,61.99,6262,23.09,1493,19.42,"2020_01D","23_do_31_stycznia_2020"
"Świętokrzyskie",3205,28.78,-11.63,792,166.58,977,92.48,1144,15.36,292,13.54,"2020_01D","23_do_31_stycznia_2020"
"Warmińsko-Mazurskie",3564,27.77,5.09,837,137.28,795,58.58,1455,16.57,477,22.89,"2020_01D","23_do_31_stycznia_2020"
"Wielkopolskie",35733,113.59,24.16,8670,505.19,9801,282.5,14042,66.64,3220,61.89,"2020_01D","23_do_31_stycznia_2020"
"Zachodniopomorskie",3575,23.39,4.98,683,98.33,1096,71.95,1456,14.13,340,12.31,"2020_01D","23_do_31_stycznia_2020"
"Dolnośląskie",15621,76.95,19.12,3167,328.96,4303,216.56,6497,47.93,1654,43.57,"2020_02A","1_do_7_lutego_2020"
"Kujawsko-Pomorskie",10023,69.02,-10.99,2541,368.13,2104,139.53,4461,45.55,917,36.26,"2020_02A","1_do_7_lutego_2020"
"Lubelskie",8442,57.1,27.28,1549,225.14,2533,170.35,3470,35.03,890,32.91,"2020_02A","1_do_7_lutego_2020"
"Lubuskie",1712,24.14,1.52,469,138.95,426,57.01,674,14.09,143,11.69,"2020_02A","1_do_7_lutego_2020"
"Łódzkie",11147,64.73,31.57,2402,304.27,3072,182.96,4435,39.11,1238,36.28,"2020_02A","1_do_7_lutego_2020"
"Małopolskie",20638,86.59,-20.82,4913,380.82,4850,190.86,8946,55.92,1929,48.18,"2020_02A","1_do_7_lutego_2020"
"Mazowieckie",42833,113.08,45.65,8925,426.85,12459,303.24,18010,72.32,3439,50.75,"2020_02A","1_do_7_lutego_2020"
"Opolskie",1875,27.21,-1.4,391,129.76,485,77.93,833,17.76,166,13,"2020_02A","1_do_7_lutego_2020"
"Podkarpackie",3954,26.55,9.74,919,126.38,1130,73.82,1548,15.25,357,14.39,"2020_02A","1_do_7_lutego_2020"
"Podlaskie",2937,35.57,-1.09,713,178.56,653,80.95,1246,22.24,325,22.46,"2020_02A","1_do_7_lutego_2020"
"Pomorskie",23402,143.01,28,5780,632.1,6615,361.91,9186,84.29,1821,66.86,"2020_02A","1_do_7_lutego_2020"
"Śląskie",14043,44.34,10.09,3394,228.37,3454,111.23,5838,27.67,1357,22.69,"2020_02A","1_do_7_lutego_2020"
"Świętokrzyskie",3737,43.14,14.36,908,245.55,957,116.47,1506,26,366,21.82,"2020_02A","1_do_7_lutego_2020"
"Warmińsko-Mazurskie",2785,27.9,0.13,727,153.31,635,60.16,1099,16.09,324,19.99,"2020_02A","1_do_7_lutego_2020"
"Wielkopolskie",26413,107.95,-5.64,6268,469.58,5504,203.97,11851,72.31,2790,68.94,"2020_02A","1_do_7_lutego_2020"
"Zachodniopomorskie",3920,32.97,9.58,691,127.91,1133,95.63,1604,20.01,492,22.9,"2020_02A","1_do_7_lutego_2020"
"Dolnośląskie",11914,51.35,-25.6,2549,231.67,2803,123.43,5073,32.75,1489,34.32,"2020_02B","8_do_15_lutego_2020"
"Kujawsko-Pomorskie",8990,54.17,-14.85,1998,253.28,1859,107.88,4151,37.08,982,33.97,"2020_02B","8_do_15_lutego_2020"
"Lubelskie",11370,67.29,10.19,1951,248.12,3869,227.67,4586,40.51,964,31.19,"2020_02B","8_do_15_lutego_2020"
"Lubuskie",1559,19.24,-4.91,431,111.73,398,46.61,608,11.12,122,8.73,"2020_02B","8_do_15_lutego_2020"
"Łódzkie",11852,60.22,-4.51,2420,268.23,4136,215.54,4232,32.65,1064,27.28,"2020_02B","8_do_15_lutego_2020"
"Małopolskie",19491,71.56,-15.03,4318,292.86,4026,138.63,9223,50.44,1924,42.05,"2020_02B","8_do_15_lutego_2020"
"Mazowieckie",36582,84.5,-28.57,7422,310.6,10552,224.72,15609,54.84,2999,38.72,"2020_02B","8_do_15_lutego_2020"
"Opolskie",2396,30.43,3.21,557,161.75,618,86.89,992,18.51,229,15.7,"2020_02B","8_do_15_lutego_2020"
"Podkarpackie",4486,26.36,-0.19,824,99.15,1448,82.77,1840,15.86,374,13.19,"2020_02B","8_do_15_lutego_2020"
"Podlaskie",3548,37.6,2.03,808,177.06,886,96.11,1362,21.27,492,29.75,"2020_02B","8_do_15_lutego_2020"
"Pomorskie",29506,157.77,14.76,6985,668.39,9419,450.9,11105,89.16,1997,64.16,"2020_02B","8_do_15_lutego_2020"
"Śląskie",20004,55.27,10.93,4543,267.47,6398,180.29,7671,31.82,1392,20.37,"2020_02B","8_do_15_lutego_2020"
"Świętokrzyskie",4761,48.1,4.95,1160,274.49,1051,111.93,2020,30.51,530,27.65,"2020_02B","8_do_15_lutego_2020"
"Warmińsko-Mazurskie",4301,37.7,9.8,905,166.99,1197,99.23,1781,22.81,418,22.56,"2020_02B","8_do_15_lutego_2020"
"Wielkopolskie",25219,90.18,-17.76,5518,361.72,4962,160.9,11883,63.45,2856,61.75,"2020_02B","8_do_15_lutego_2020"
"Zachodniopomorskie",4215,31.02,-1.95,796,128.92,1268,93.65,1675,18.29,476,19.38,"2020_02B","8_do_15_lutego_2020"
"Dolnośląskie",9558,47.08,-4.27,2039,211.79,1862,93.71,4361,32.18,1296,34.14,"2020_02C","16_do_22_lutego_2020"
"Kujawsko-Pomorskie",10057,69.26,15.09,2107,305.25,3074,203.86,4032,41.17,844,33.37,"2020_02C","16_do_22_lutego_2020"
"Lubelskie",14103,95.38,28.1,2455,356.82,4553,306.2,5731,57.85,1364,50.44,"2020_02C","16_do_22_lutego_2020"
"Lubuskie",1864,26.29,7.05,455,134.8,554,74.14,750,15.68,105,8.59,"2020_02C","16_do_22_lutego_2020"
"Łódzkie",15783,91.65,31.43,2741,347.21,5497,327.39,6059,53.43,1486,43.55,"2020_02C","16_do_22_lutego_2020"
"Małopolskie",16870,70.78,-0.77,3666,284.16,4115,161.94,7446,46.54,1643,41.03,"2020_02C","16_do_22_lutego_2020"
"Mazowieckie",35870,94.69,10.19,7989,382.09,8389,204.18,16030,64.37,3462,51.09,"2020_02C","16_do_22_lutego_2020"
"Opolskie",2219,32.2,1.78,505,167.59,362,58.17,1093,23.3,259,20.29,"2020_02C","16_do_22_lutego_2020"
"Podkarpackie",6562,44.06,17.71,1068,146.87,2269,148.22,2675,26.35,550,22.17,"2020_02C","16_do_22_lutego_2020"
"Podlaskie",5226,63.3,25.7,1145,286.75,1703,211.13,1823,32.54,555,38.36,"2020_02C","16_do_22_lutego_2020"
"Pomorskie",33562,205.09,47.32,7319,800.4,11045,604.27,12972,119.03,2226,81.73,"2020_02C","16_do_22_lutego_2020"
"Śląskie",23409,73.92,18.65,4770,320.95,7732,249,9248,43.84,1659,27.74,"2020_02C","16_do_22_lutego_2020"
"Świętokrzyskie",3559,41.09,-7.01,773,209.04,792,96.39,1581,27.29,413,24.62,"2020_02C","16_do_22_lutego_2020"
"Warmińsko-Mazurskie",5689,56.99,19.29,974,205.4,2118,200.66,2129,31.17,468,28.87,"2020_02C","16_do_22_lutego_2020"
"Wielkopolskie",24812,101.4,11.22,5665,424.4,5787,214.46,10881,66.4,2479,61.26,"2020_02C","16_do_22_lutego_2020"
"Zachodniopomorskie",2840,23.89,-7.13,648,119.95,691,58.32,1178,14.7,323,15.03,"2020_02C","16_do_22_lutego_2020"
"Dolnośląskie",10450,51.48,4.39,2266,235.37,1758,88.47,4917,36.28,1509,39.75,"2020_02D","23_do_29_lutego_2020"
"Kujawsko-Pomorskie",12674,87.28,18.02,2458,356.1,4266,282.91,4978,50.82,972,38.43,"2020_02D","23_do_29_lutego_2020"
"Lubelskie",13158,88.99,-6.39,2145,311.76,4043,271.9,5559,56.12,1411,52.18,"2020_02D","23_do_29_lutego_2020"
"Lubuskie",2326,32.8,6.52,525,155.54,732,97.97,901,18.84,168,13.74,"2020_02D","23_do_29_lutego_2020"
"Łódzkie",16446,95.5,3.85,2844,360.26,4908,292.31,6870,60.58,1824,53.45,"2020_02D","23_do_29_lutego_2020"
"Małopolskie",18393,77.17,6.39,4205,325.94,5368,211.24,7340,45.88,1480,36.96,"2020_02D","23_do_29_lutego_2020"
"Mazowieckie",28473,75.17,-19.53,5516,263.81,5627,136.96,14377,57.73,2953,43.57,"2020_02D","23_do_29_lutego_2020"
"Opolskie",1503,21.81,-10.39,247,81.97,239,38.4,787,16.78,230,18.02,"2020_02D","23_do_29_lutego_2020"
"Podkarpackie",6675,44.82,0.76,1050,144.39,2220,145.02,2895,28.51,510,20.56,"2020_02D","23_do_29_lutego_2020"
"Podlaskie",7883,95.48,32.18,1514,379.16,2453,304.1,3069,54.77,847,58.54,"2020_02D","23_do_29_lutego_2020"
"Pomorskie",33257,203.23,-1.86,7201,787.5,10013,547.81,13567,124.49,2476,90.91,"2020_02D","23_do_29_lutego_2020"
"Śląskie",21527,67.98,-5.94,4099,275.8,7128,229.55,8658,41.04,1642,27.46,"2020_02D","23_do_29_lutego_2020"
"Świętokrzyskie",3954,45.65,4.56,868,234.73,1147,139.6,1563,26.98,376,22.41,"2020_02D","23_do_29_lutego_2020"
"Warmińsko-Mazurskie",7860,78.74,21.75,1265,266.76,2470,234.01,3303,48.35,822,50.71,"2020_02D","23_do_29_lutego_2020"
"Wielkopolskie",28546,116.67,15.26,6269,469.65,7458,276.39,12133,74.03,2686,66.37,"2020_02D","23_do_29_lutego_2020"
"Zachodniopomorskie",2869,24.13,0.24,543,100.51,512,43.22,1444,18.02,370,17.22,"2020_02D","23_do_29_lutego_2020"
"Dolnośląskie",10250,50.49,-0.99,2140,222.28,2272,114.34,4688,34.59,1150,30.29,"2020_03A","1_do_7_marca_2020"
"Kujawsko-Pomorskie",12540,86.35,-0.92,2243,324.96,4005,265.61,5368,54.81,924,36.53,"2020_03A","1_do_7_marca_2020"
"Lubelskie",11137,75.32,-13.67,1731,251.59,3016,202.83,5111,51.59,1279,47.3,"2020_03A","1_do_7_marca_2020"
"Lubuskie",2982,42.05,6.18,663,196.43,993,132.9,1199,25.07,127,10.38,"2020_03A","1_do_7_marca_2020"
"Łódzkie",15891,92.28,-3.22,2197,278.3,5867,349.42,6197,54.65,1630,47.77,"2020_03A","1_do_7_marca_2020"
"Małopolskie",17450,73.21,-3.96,3739,289.82,4902,192.91,7315,45.72,1494,37.31,"2020_03A","1_do_7_marca_2020"
"Mazowieckie",24451,64.55,-10.62,4843,231.63,5200,126.56,11933,47.92,2475,36.52,"2020_03A","1_do_7_marca_2020"
"Opolskie",2076,30.13,8.32,430,142.7,438,70.38,951,20.28,257,20.13,"2020_03A","1_do_7_marca_2020"
"Podkarpackie",7871,52.85,8.03,1204,165.57,2357,153.97,3601,35.47,709,28.58,"2020_03A","1_do_7_marca_2020"
"Podlaskie",6348,76.89,-18.59,1149,287.75,1833,227.24,2669,47.63,697,48.17,"2020_03A","1_do_7_marca_2020"
"Pomorskie",32535,198.82,-4.41,6768,740.14,8992,491.95,14200,130.29,2575,94.54,"2020_03A","1_do_7_marca_2020"
"Śląskie",24128,76.19,8.21,4711,316.98,6885,221.73,10592,50.21,1940,32.44,"2020_03A","1_do_7_marca_2020"
"Świętokrzyskie",4062,46.9,1.25,783,211.75,1208,147.02,1733,29.92,338,20.15,"2020_03A","1_do_7_marca_2020"
"Warmińsko-Mazurskie",6894,69.07,-9.68,1146,241.67,2005,189.95,3080,45.09,663,40.9,"2020_03A","1_do_7_marca_2020"
"Wielkopolskie",29087,118.88,2.21,5832,436.91,7588,281.2,12974,79.17,2693,66.55,"2020_03A","1_do_7_marca_2020"
"Zachodniopomorskie",3870,32.55,8.42,688,127.35,854,72.08,1895,23.64,433,20.15,"2020_03A","1_do_7_marca_2020"
"Dolnośląskie",6160,26.55,-23.94,1144,103.98,1460,64.29,3011,19.44,545,12.56,"2020_03B","8_do_15_marca_2020"
"Kujawsko-Pomorskie",9429,56.81,-29.54,1586,201.05,2439,141.53,4678,41.79,726,25.12,"2020_03B","8_do_15_marca_2020"
"Lubelskie",5955,35.24,-40.08,864,109.88,1558,91.68,2882,25.46,651,21.06,"2020_03B","8_do_15_marca_2020"
"Lubuskie",2265,27.95,-14.1,469,121.58,673,78.81,1004,18.37,119,8.51,"2020_03B","8_do_15_marca_2020"
"Łódzkie",8299,42.17,-50.11,1318,146.08,1786,93.07,4041,31.18,1154,29.59,"2020_03B","8_do_15_marca_2020"
"Małopolskie",13372,49.09,-24.12,2857,193.77,3492,120.24,5986,32.74,1037,22.66,"2020_03B","8_do_15_marca_2020"
"Mazowieckie",22722,52.49,-12.06,3981,166.6,4953,105.48,11584,40.7,2204,28.46,"2020_03B","8_do_15_marca_2020"
"Opolskie",1743,22.13,-7.99,320,92.92,396,55.68,839,15.65,188,12.89,"2020_03B","8_do_15_marca_2020"
"Podkarpackie",4544,26.7,-26.15,781,93.98,1264,72.25,2095,18.05,404,14.25,"2020_03B","8_do_15_marca_2020"
"Podlaskie",4605,48.81,-28.08,835,182.98,1153,125.07,2042,31.89,575,34.77,"2020_03B","8_do_15_marca_2020"
"Pomorskie",23051,123.25,-75.56,4744,453.95,5456,261.18,11076,88.93,1775,57.02,"2020_03B","8_do_15_marca_2020"
"Śląskie",16295,45.02,-31.17,2968,174.74,4314,121.56,7767,32.21,1246,18.23,"2020_03B","8_do_15_marca_2020"
"Świętokrzyskie",5657,57.15,10.25,1128,266.91,1595,169.86,2506,37.85,428,22.33,"2020_03B","8_do_15_marca_2020"
"Warmińsko-Mazurskie",5747,50.38,-18.69,935,172.53,1362,112.91,2831,36.26,619,33.41,"2020_03B","8_do_15_marca_2020"
"Wielkopolskie",25349,90.65,-28.23,5382,352.8,5691,184.54,12320,65.78,1956,42.29,"2020_03B","8_do_15_marca_2020"
"Zachodniopomorskie",3484,25.64,-6.91,436,70.62,853,63,1845,20.14,350,14.25,"2020_03B","8_do_15_marca_2020"
"Dolnośląskie",5304,26.13,-0.42,596,61.91,759,38.2,3154,23.27,795,20.94,"2020_03C","16_do_22_marca_2020"
"Kujawsko-Pomorskie",5753,39.62,-17.2,825,119.52,871,57.76,3565,36.4,492,19.45,"2020_03C","16_do_22_marca_2020"
"Lubelskie",4201,28.41,-6.83,496,72.09,613,41.23,2718,27.44,374,13.83,"2020_03C","16_do_22_marca_2020"
"Lubuskie",1186,16.72,-11.22,139,41.18,204,27.3,782,16.35,61,4.99,"2020_03C","16_do_22_marca_2020"
"Łódzkie",7133,41.42,-0.75,1069,135.41,1061,63.19,3981,35.1,1022,29.95,"2020_03C","16_do_22_marca_2020"
"Małopolskie",10571,44.35,-4.74,1748,135.49,1869,73.55,5976,37.35,978,24.43,"2020_03C","16_do_22_marca_2020"
"Mazowieckie",15643,41.3,-11.19,2284,109.24,2875,69.97,9174,36.84,1310,19.33,"2020_03C","16_do_22_marca_2020"
"Opolskie",1441,20.91,-1.22,219,72.68,230,36.96,838,17.87,154,12.06,"2020_03C","16_do_22_marca_2020"
"Podkarpackie",2700,18.13,-8.57,347,47.72,554,36.19,1450,14.28,349,14.07,"2020_03C","16_do_22_marca_2020"
"Podlaskie",2440,29.55,-19.25,401,100.43,381,47.23,1315,23.47,343,23.71,"2020_03C","16_do_22_marca_2020"
"Pomorskie",15722,96.07,-27.18,2240,244.96,2332,127.58,10044,92.16,1106,40.61,"2020_03C","16_do_22_marca_2020"
"Śląskie",10932,34.52,-10.5,1676,112.77,2116,68.14,6269,29.72,871,14.56,"2020_03C","16_do_22_marca_2020"
"Świętokrzyskie",1075,12.41,-44.74,155,41.92,258,31.4,565,9.75,97,5.78,"2020_03C","16_do_22_marca_2020"
"Warmińsko-Mazurskie",3787,37.94,-12.44,529,111.56,587,55.61,2153,31.52,518,31.96,"2020_03C","16_do_22_marca_2020"
"Wielkopolskie",18442,75.37,-15.28,2245,168.19,2719,100.76,11938,72.84,1540,38.05,"2020_03C","16_do_22_marca_2020"
"Zachodniopomorskie",2951,24.82,-0.82,424,78.48,649,54.78,1634,20.39,244,11.35,"2020_03C","16_do_22_marca_2020"
"Dolnośląskie",7006,26.84,0.71,995,80.38,971,38.01,4345,24.93,695,14.24,"2020_03D","23_do_31_marca_2020"
"Kujawsko-Pomorskie",5367,28.75,-10.87,614,69.19,653,33.68,3604,28.62,496,15.25,"2020_03D","23_do_31_marca_2020"
"Lubelskie",3168,16.66,-11.75,356,40.24,423,22.13,2106,16.53,283,8.14,"2020_03D","23_do_31_marca_2020"
"Lubuskie",883,9.68,-7.04,95,21.89,119,12.39,586,9.53,83,5.28,"2020_03D","23_do_31_marca_2020"
"Łódzkie",4484,20.25,-21.17,515,50.74,556,25.76,2685,18.41,728,16.59,"2020_03D","23_do_31_marca_2020"
"Małopolskie",8034,26.22,-18.14,1056,63.66,931,28.5,5356,26.04,691,13.42,"2020_03D","23_do_31_marca_2020"
"Mazowieckie",16737,34.37,-6.93,2013,74.88,2170,41.08,11129,34.76,1425,16.35,"2020_03D","23_do_31_marca_2020"
"Opolskie",1327,14.98,-5.93,140,36.14,146,18.25,921,15.27,120,7.31,"2020_03D","23_do_31_marca_2020"
"Podkarpackie",2003,10.46,-7.67,201,21.5,202,10.26,1378,10.56,222,6.96,"2020_03D","23_do_31_marca_2020"
"Podlaskie",1618,15.24,-14.31,166,32.33,185,17.84,1111,15.42,156,8.39,"2020_03D","23_do_31_marca_2020"
"Pomorskie",17509,83.22,-12.86,2234,190.02,2130,90.64,11738,83.77,1407,40.18,"2020_03D","23_do_31_marca_2020"
"Śląskie",9967,24.48,-10.04,1011,52.91,1207,30.23,7003,25.82,746,9.7,"2020_03D","23_do_31_marca_2020"
"Świętokrzyskie",5277,47.39,34.97,691,145.34,1007,95.32,3150,42.29,429,19.89,"2020_03D","23_do_31_marca_2020"
"Warmińsko-Mazurskie",2816,21.94,-16,214,35.1,347,25.57,1859,21.17,396,19,"2020_03D","23_do_31_marca_2020"
"Wielkopolskie",14358,45.64,-29.73,1431,83.38,1633,47.07,9916,47.06,1378,26.48,"2020_03D","23_do_31_marca_2020"
"Zachodniopomorskie",1718,11.24,-13.58,125,18,179,11.75,1239,12.02,175,6.33,"2020_03D","23_do_31_marca_2020"
"Dolnośląskie",2024,9.97,-17.11,147,15.27,181,9.11,1448,10.68,248,6.53,"2020_04A","1_do_7_kwietnia_2020"
"Kujawsko-Pomorskie",2332,16.06,-12.69,258,37.38,300,19.9,1542,15.74,232,9.17,"2020_04A","1_do_7_kwietnia_2020"
"Lubelskie",1508,10.2,-6.47,164,23.84,152,10.22,1063,10.73,129,4.77,"2020_04A","1_do_7_kwietnia_2020"
"Lubuskie",469,6.61,-3.07,58,17.18,61,8.16,285,5.96,65,5.31,"2020_04A","1_do_7_kwietnia_2020"
"Łódzkie",2746,15.95,-4.31,257,32.55,356,21.2,1882,16.6,251,7.36,"2020_04A","1_do_7_kwietnia_2020"
"Małopolskie",2677,11.23,-14.99,201,15.58,240,9.44,1988,12.43,248,6.19,"2020_04A","1_do_7_kwietnia_2020"
"Mazowieckie",9195,24.27,-10.09,740,35.39,904,22,6588,26.45,963,14.21,"2020_04A","1_do_7_kwietnia_2020"
"Opolskie",588,8.53,-6.45,43,14.27,51,8.19,431,9.19,63,4.94,"2020_04A","1_do_7_kwietnia_2020"
"Podkarpackie",797,5.35,-5.16,78,10.73,88,5.75,562,5.54,69,2.78,"2020_04A","1_do_7_kwietnia_2020"
"Podlaskie",670,8.12,-7.13,58,14.53,47,5.83,484,8.64,81,5.6,"2020_04A","1_do_7_kwietnia_2020"
"Pomorskie",14031,85.74,2.52,967,105.75,999,54.66,7093,65.08,4972,182.55,"2020_04A","1_do_7_kwietnia_2020"
"Śląskie",5523,17.44,-7.04,488,32.84,616,19.84,3907,18.52,512,8.56,"2020_04A","1_do_7_kwietnia_2020"
"Świętokrzyskie",1250,14.43,-32.95,169,45.7,214,26.05,758,13.09,109,6.5,"2020_04A","1_do_7_kwietnia_2020"
"Warmińsko-Mazurskie",1145,11.47,-10.47,121,25.52,98,9.28,766,11.21,160,9.87,"2020_04A","1_do_7_kwietnia_2020"
"Wielkopolskie",7801,31.88,-13.76,737,55.21,925,34.28,5297,32.32,842,20.81,"2020_04A","1_do_7_kwietnia_2020"
"Zachodniopomorskie",812,6.83,-4.41,41,7.59,73,6.16,617,7.7,81,3.77,"2020_04A","1_do_7_kwietnia_2020"
"Dolnośląskie",1591,6.86,-3.11,160,14.54,129,5.68,1130,7.29,172,3.96,"2020_04B","8_do_15_kwietnia_2020"
"Kujawsko-Pomorskie",1374,8.28,-7.78,190,24.09,193,11.2,834,7.45,157,5.43,"2020_04B","8_do_15_kwietnia_2020"
"Lubelskie",757,4.48,-5.72,87,11.06,86,5.06,514,4.54,70,2.26,"2020_04B","8_do_15_kwietnia_2020"
"Lubuskie",199,2.46,-4.16,34,8.81,26,3.04,123,2.25,16,1.14,"2020_04B","8_do_15_kwietnia_2020"
"Łódzkie",1550,7.88,-8.07,128,14.19,176,9.17,978,7.55,268,6.87,"2020_04B","8_do_15_kwietnia_2020"
"Małopolskie",2514,9.23,-2,220,14.92,249,8.57,1751,9.58,294,6.42,"2020_04B","8_do_15_kwietnia_2020"
"Mazowieckie",8049,18.59,-5.68,718,30.05,886,18.87,5509,19.36,936,12.09,"2020_04B","8_do_15_kwietnia_2020"
"Opolskie",350,4.44,-4.09,35,10.16,36,5.06,219,4.09,60,4.11,"2020_04B","8_do_15_kwietnia_2020"
"Podkarpackie",421,2.47,-2.88,50,6.02,48,2.74,281,2.42,42,1.48,"2020_04B","8_do_15_kwietnia_2020"
"Podlaskie",164,1.74,-6.38,9,1.97,14,1.52,107,1.67,34,2.06,"2020_04B","8_do_15_kwietnia_2020"
"Pomorskie",5781,30.91,-54.83,574,54.93,497,23.79,4143,33.26,567,18.22,"2020_04B","8_do_15_kwietnia_2020"
"Śląskie",4754,13.14,-4.3,516,30.38,569,16.03,3231,13.4,438,6.41,"2020_04B","8_do_15_kwietnia_2020"
"Świętokrzyskie",1137,11.49,-2.95,126,29.81,131,13.95,764,11.54,116,6.05,"2020_04B","8_do_15_kwietnia_2020"
"Warmińsko-Mazurskie",730,6.4,-5.07,131,24.17,83,6.88,411,5.26,105,5.67,"2020_04B","8_do_15_kwietnia_2020"
"Wielkopolskie",5584,19.97,-11.91,450,29.5,662,21.47,3802,20.3,670,14.49,"2020_04B","8_do_15_kwietnia_2020"
"Zachodniopomorskie",445,3.28,-3.55,28,4.54,62,4.58,302,3.3,53,2.16,"2020_04B","8_do_15_kwietnia_2020"
"Dolnośląskie",1499,7.38,0.53,125,12.98,145,7.3,999,7.37,230,6.06,"2020_04C","16_do_22_kwietnia_2020"
"Kujawsko-Pomorskie",997,6.87,-1.41,154,22.31,145,9.62,553,5.65,145,5.73,"2020_04C","16_do_22_kwietnia_2020"
"Lubelskie",737,4.98,0.5,70,10.17,72,4.84,505,5.1,90,3.33,"2020_04C","16_do_22_kwietnia_2020"
"Lubuskie",161,2.27,-0.19,23,6.81,13,1.74,103,2.15,22,1.8,"2020_04C","16_do_22_kwietnia_2020"
"Łódzkie",1121,6.51,-1.37,93,11.78,115,6.85,753,6.64,160,4.69,"2020_04C","16_do_22_kwietnia_2020"
"Małopolskie",2345,9.84,0.61,265,20.54,285,11.22,1539,9.62,256,6.39,"2020_04C","16_do_22_kwietnia_2020"
"Mazowieckie",4119,10.87,-7.72,393,18.8,459,11.17,2732,10.97,535,7.89,"2020_04C","16_do_22_kwietnia_2020"
"Opolskie",307,4.46,0.01,22,7.3,19,3.05,217,4.63,49,3.84,"2020_04C","16_do_22_kwietnia_2020"
"Podkarpackie",413,2.77,0.3,33,4.54,62,4.05,261,2.57,57,2.3,"2020_04C","16_do_22_kwietnia_2020"
"Podlaskie",185,2.24,0.5,23,5.76,22,2.73,118,2.11,22,1.52,"2020_04C","16_do_22_kwietnia_2020"
"Pomorskie",3778,23.09,-7.82,435,47.57,393,21.5,2521,23.13,429,15.75,"2020_04C","16_do_22_kwietnia_2020"
"Śląskie",3130,9.88,-3.25,329,22.14,381,12.27,2065,9.79,355,5.94,"2020_04C","16_do_22_kwietnia_2020"
"Świętokrzyskie",390,4.5,-6.98,33,8.92,43,5.23,266,4.59,48,2.86,"2020_04C","16_do_22_kwietnia_2020"
"Warmińsko-Mazurskie",616,6.17,-0.23,78,16.45,86,8.15,303,4.44,149,9.19,"2020_04C","16_do_22_kwietnia_2020"
"Wielkopolskie",3996,16.33,-3.64,327,24.5,502,18.6,2609,15.92,558,13.79,"2020_04C","16_do_22_kwietnia_2020"
"Zachodniopomorskie",227,1.91,-1.37,5,0.93,21,1.77,171,2.13,30,1.4,"2020_04C","16_do_22_kwietnia_2020"
"Dolnośląskie",1136,4.9,-2.49,116,10.54,102,4.49,717,4.63,201,4.63,"2020_04D","23_do_30_kwietnia_2020"
"Kujawsko-Pomorskie",1050,6.33,-0.54,165,20.92,157,9.11,592,5.29,136,4.71,"2020_04D","23_do_30_kwietnia_2020"
"Lubelskie",418,2.47,-2.51,48,6.1,37,2.18,282,2.49,51,1.65,"2020_04D","23_do_30_kwietnia_2020"
"Lubuskie",143,1.76,-0.51,17,4.41,17,1.99,89,1.63,20,1.43,"2020_04D","23_do_30_kwietnia_2020"
"Łódzkie",629,3.2,-3.31,68,7.54,64,3.34,400,3.09,97,2.49,"2020_04D","23_do_30_kwietnia_2020"
"Małopolskie",2292,8.41,-1.42,308,20.89,357,12.29,1384,7.57,243,5.31,"2020_04D","23_do_30_kwietnia_2020"
"Mazowieckie",3113,7.19,-3.68,364,15.23,453,9.65,1882,6.61,414,5.35,"2020_04D","23_do_30_kwietnia_2020"
"Opolskie",164,2.08,-2.37,10,2.9,21,2.95,102,1.9,31,2.12,"2020_04D","23_do_30_kwietnia_2020"
"Podkarpackie",256,1.5,-1.27,31,3.73,44,2.52,142,1.22,39,1.38,"2020_04D","23_do_30_kwietnia_2020"
"Podlaskie",141,1.49,-0.75,10,2.19,9,0.98,98,1.53,24,1.45,"2020_04D","23_do_30_kwietnia_2020"
"Pomorskie",2744,14.67,-8.41,379,36.27,287,13.74,1681,13.5,397,12.75,"2020_04D","23_do_30_kwietnia_2020"
"Śląskie",2169,5.99,-3.89,159,9.36,216,6.09,1515,6.28,279,4.08,"2020_04D","23_do_30_kwietnia_2020"
"Świętokrzyskie",473,4.78,0.28,54,12.78,86,9.16,292,4.41,41,2.14,"2020_04D","23_do_30_kwietnia_2020"
"Warmińsko-Mazurskie",284,2.49,-3.68,47,8.67,35,2.9,157,2.01,45,2.43,"2020_04D","23_do_30_kwietnia_2020"
"Wielkopolskie",4240,15.16,-1.17,447,29.3,508,16.47,2662,14.21,623,13.47,"2020_04D","23_do_30_kwietnia_2020"
"Zachodniopomorskie",289,2.13,0.22,19,3.08,24,1.77,202,2.21,44,1.79,"2020_04D","23_do_30_kwietnia_2020"
"Dolnośląskie",661,3.26,-1.9,61,6.34,71,3.57,397,2.93,132,3.48,"2020_05A","1_do_7_maja_2020"
"Kujawsko-Pomorskie",577,3.97,-2.36,88,12.75,78,5.17,330,3.37,81,3.2,"2020_05A","1_do_7_maja_2020"
"Lubelskie",282,1.91,-0.57,23,3.34,16,1.08,195,1.97,48,1.77,"2020_05A","1_do_7_maja_2020"
"Lubuskie",94,1.33,-0.44,14,4.15,17,2.28,54,1.13,9,0.74,"2020_05A","1_do_7_maja_2020"
"Łódzkie",648,3.76,0.57,86,10.89,67,3.99,366,3.23,129,3.78,"2020_05A","1_do_7_maja_2020"
"Małopolskie",736,3.09,-5.33,83,6.43,97,3.82,458,2.86,98,2.45,"2020_05A","1_do_7_maja_2020"
"Mazowieckie",4734,12.5,5.31,582,27.84,693,16.87,2738,10.99,721,10.64,"2020_05A","1_do_7_maja_2020"
"Opolskie",163,2.37,0.28,26,8.63,19,3.05,89,1.9,29,2.27,"2020_05A","1_do_7_maja_2020"
"Podkarpackie",171,1.15,-0.36,22,3.03,21,1.37,93,0.92,35,1.41,"2020_05A","1_do_7_maja_2020"
"Podlaskie",168,2.03,0.54,12,3.01,19,2.36,105,1.87,32,2.21,"2020_05A","1_do_7_maja_2020"
"Pomorskie",2121,12.96,-1.71,239,26.14,278,15.21,1300,11.93,304,11.16,"2020_05A","1_do_7_maja_2020"
"Śląskie",1600,5.05,-0.94,115,7.74,154,4.96,1134,5.38,197,3.29,"2020_05A","1_do_7_maja_2020"
"Świętokrzyskie",555,6.41,1.63,54,14.6,67,8.15,354,6.11,80,4.77,"2020_05A","1_do_7_maja_2020"
"Warmińsko-Mazurskie",199,1.99,-0.5,27,5.69,33,3.13,95,1.39,44,2.71,"2020_05A","1_do_7_maja_2020"
"Wielkopolskie",1612,6.59,-8.57,188,14.08,227,8.41,997,6.08,200,4.94,"2020_05A","1_do_7_maja_2020"
"Zachodniopomorskie",120,1.01,-1.12,10,1.85,16,1.35,82,1.02,12,0.56,"2020_05A","1_do_7_maja_2020"
"Dolnośląskie",777,3.35,0.09,64,5.82,87,3.83,474,3.06,152,3.5,"2020_05B","8_do_15_maja_2020"
"Kujawsko-Pomorskie",706,4.25,0.28,121,15.34,104,6.03,385,3.44,96,3.32,"2020_05B","8_do_15_maja_2020"
"Lubelskie",296,1.75,-0.16,50,6.36,28,1.65,172,1.52,46,1.49,"2020_05B","8_do_15_maja_2020"
"Lubuskie",98,1.21,-0.12,18,4.67,16,1.87,53,0.97,11,0.79,"2020_05B","8_do_15_maja_2020"
"Łódzkie",505,2.57,-1.2,71,7.87,69,3.6,282,2.18,83,2.13,"2020_05B","8_do_15_maja_2020"
"Małopolskie",802,2.94,-0.14,120,8.14,108,3.72,462,2.53,112,2.45,"2020_05B","8_do_15_maja_2020"
"Mazowieckie",2457,5.68,-6.82,316,13.22,317,6.75,1443,5.07,381,4.92,"2020_05B","8_do_15_maja_2020"
"Opolskie",154,1.96,-0.41,21,6.1,12,1.69,94,1.75,27,1.85,"2020_05B","8_do_15_maja_2020"
"Podkarpackie",156,0.92,-0.23,17,2.05,10,0.57,90,0.78,39,1.38,"2020_05B","8_do_15_maja_2020"
"Podlaskie",77,0.82,-1.22,8,1.75,8,0.87,46,0.72,15,0.91,"2020_05B","8_do_15_maja_2020"
"Pomorskie",2828,15.12,2.16,346,33.11,337,16.13,1768,14.19,377,12.11,"2020_05B","8_do_15_maja_2020"
"Śląskie",3565,9.85,4.8,698,41.09,925,26.07,1665,6.91,277,4.05,"2020_05B","8_do_15_maja_2020"
"Świętokrzyskie",181,1.83,-4.58,26,6.15,19,2.02,115,1.74,21,1.1,"2020_05B","8_do_15_maja_2020"
"Warmińsko-Mazurskie",206,1.81,-0.19,19,3.51,34,2.82,112,1.43,41,2.21,"2020_05B","8_do_15_maja_2020"
"Wielkopolskie",2265,8.1,1.51,250,16.39,289,9.37,1318,7.04,408,8.82,"2020_05B","8_do_15_maja_2020"
"Zachodniopomorskie",136,1,-0.01,19,3.08,9,0.66,91,0.99,17,0.69,"2020_05B","8_do_15_maja_2020"
"Dolnośląskie",632,3.11,-0.24,55,5.71,44,2.21,384,2.83,149,3.92,"2020_05C","16_do_22_maja_2020"
"Kujawsko-Pomorskie",574,3.95,-0.3,90,13.04,71,4.71,320,3.27,93,3.68,"2020_05C","16_do_22_maja_2020"
"Lubelskie",277,1.87,0.12,38,5.52,26,1.75,175,1.77,38,1.41,"2020_05C","16_do_22_maja_2020"
"Lubuskie",78,1.1,-0.11,12,3.56,14,1.87,47,0.98,5,0.41,"2020_05C","16_do_22_maja_2020"
"Łódzkie",253,1.47,-1.1,38,4.81,38,2.26,146,1.29,31,0.91,"2020_05C","16_do_22_maja_2020"
"Małopolskie",588,2.47,-0.48,91,7.05,50,1.97,337,2.11,110,2.75,"2020_05C","16_do_22_maja_2020"
"Mazowieckie",2394,6.32,0.64,289,13.82,333,8.1,1409,5.66,363,5.36,"2020_05C","16_do_22_maja_2020"
"Opolskie",307,4.46,2.5,22,7.3,19,3.05,217,4.63,49,3.84,"2020_05C","16_do_22_maja_2020"
"Podkarpackie",105,0.71,-0.21,13,1.79,14,0.91,48,0.47,30,1.21,"2020_05C","16_do_22_maja_2020"
"Podlaskie",49,0.59,-0.22,4,1,3,0.37,32,0.57,10,0.69,"2020_05C","16_do_22_maja_2020"
"Pomorskie",1973,12.06,-3.06,298,32.59,206,11.27,1212,11.12,257,9.44,"2020_05C","16_do_22_maja_2020"
"Śląskie",993,3.14,-6.71,62,4.17,73,2.35,689,3.27,169,2.83,"2020_05C","16_do_22_maja_2020"
"Świętokrzyskie",121,1.4,-0.43,16,4.33,15,1.83,75,1.29,15,0.89,"2020_05C","16_do_22_maja_2020"
"Warmińsko-Mazurskie",230,2.3,0.5,27,5.69,37,3.51,113,1.65,53,3.27,"2020_05C","16_do_22_maja_2020"
"Wielkopolskie",2102,8.59,0.49,243,18.2,263,9.75,1270,7.75,326,8.06,"2020_05C","16_do_22_maja_2020"
"Zachodniopomorskie",99,0.83,-0.17,14,2.59,14,1.18,57,0.71,14,0.65,"2020_05C","16_do_22_maja_2020"
"Dolnośląskie",778,2.98,-0.13,118,9.53,100,3.91,422,2.42,138,2.83,"2020_05D","23_do_31_maja_2020"
"Kujawsko-Pomorskie",602,3.22,-0.73,111,12.51,100,5.16,292,2.32,99,3.04,"2020_05D","23_do_31_maja_2020"
"Lubelskie",232,1.22,-0.65,33,3.73,20,1.05,139,1.09,40,1.15,"2020_05D","23_do_31_maja_2020"
"Lubuskie",97,1.06,-0.04,18,4.15,13,1.35,56,0.91,10,0.64,"2020_05D","23_do_31_maja_2020"
"Łódzkie",399,1.8,0.33,67,6.6,57,2.64,197,1.35,78,1.78,"2020_05D","23_do_31_maja_2020"
"Małopolskie",581,1.9,-0.57,74,4.46,76,2.33,351,1.71,80,1.55,"2020_05D","23_do_31_maja_2020"
"Mazowieckie",1871,3.84,-2.48,225,8.37,223,4.22,1134,3.54,289,3.32,"2020_05D","23_do_31_maja_2020"
"Opolskie",101,1.14,-3.32,12,3.1,8,1,60,0.99,21,1.28,"2020_05D","23_do_31_maja_2020"
"Podkarpackie",65,0.34,-0.37,6,0.64,6,0.3,35,0.27,18,0.56,"2020_05D","23_do_31_maja_2020"
"Podlaskie",63,0.59,0,9,1.75,10,0.96,33,0.46,11,0.59,"2020_05D","23_do_31_maja_2020"
"Pomorskie",1779,8.46,-3.6,268,22.8,200,8.51,1036,7.39,275,7.85,"2020_05D","23_do_31_maja_2020"
"Śląskie",1112,2.73,-0.4,90,4.71,89,2.23,738,2.72,195,2.54,"2020_05D","23_do_31_maja_2020"
"Świętokrzyskie",143,1.28,-0.11,18,3.79,12,1.14,88,1.18,25,1.16,"2020_05D","23_do_31_maja_2020"
"Warmińsko-Mazurskie",190,1.48,-0.82,29,4.76,11,0.81,116,1.32,34,1.63,"2020_05D","23_do_31_maja_2020"
"Wielkopolskie",1397,4.44,-4.15,205,11.95,170,4.9,831,3.94,191,3.67,"2020_05D","23_do_31_maja_2020"
"Zachodniopomorskie",126,0.82,-0.01,30,4.32,17,1.12,66,0.64,13,0.47,"2020_05D","23_do_31_maja_2020"
"Dolnośląskie",603,2.97,-0.01,42,4.36,44,2.21,359,2.65,158,4.16,"2020_06A","1_do_7_czerwca_2020"
"Kujawsko-Pomorskie",502,3.46,0.23,75,10.87,82,5.44,270,2.76,75,2.97,"2020_06A","1_do_7_czerwca_2020"
"Lubelskie",284,1.92,0.7,35,5.09,26,1.75,182,1.84,41,1.52,"2020_06A","1_do_7_czerwca_2020"
"Lubuskie",65,0.92,-0.15,15,4.44,5,0.67,39,0.82,6,0.49,"2020_06A","1_do_7_czerwca_2020"
"Łódzkie",256,1.49,-0.32,28,3.55,32,1.91,147,1.3,49,1.44,"2020_06A","1_do_7_czerwca_2020"
"Małopolskie",476,2,0.1,44,3.41,51,2.01,307,1.92,74,1.85,"2020_06A","1_do_7_czerwca_2020"
"Mazowieckie",1909,5.04,1.2,236,11.29,210,5.11,1161,4.66,302,4.46,"2020_06A","1_do_7_czerwca_2020"
"Opolskie",126,1.83,0.69,16,5.31,9,1.45,76,1.62,25,1.96,"2020_06A","1_do_7_czerwca_2020"
"Podkarpackie",46,0.31,-0.03,6,0.83,3,0.2,25,0.25,12,0.48,"2020_06A","1_do_7_czerwca_2020"
"Podlaskie",44,0.53,-0.06,9,2.25,5,0.62,24,0.43,6,0.41,"2020_06A","1_do_7_czerwca_2020"
"Pomorskie",1865,11.4,2.94,262,28.65,156,8.53,1117,10.25,330,12.12,"2020_06A","1_do_7_czerwca_2020"
"Śląskie",1056,3.33,0.6,90,6.06,105,3.38,679,3.22,182,3.04,"2020_06A","1_do_7_czerwca_2020"
"Świętokrzyskie",193,2.23,0.94,22,5.95,19,2.31,124,2.14,28,1.67,"2020_06A","1_do_7_czerwca_2020"
"Warmińsko-Mazurskie",188,1.88,0.4,28,5.9,31,2.94,93,1.36,36,2.22,"2020_06A","1_do_7_czerwca_2020"
"Wielkopolskie",1704,6.96,2.52,224,16.78,223,8.26,1029,6.28,228,5.63,"2020_06A","1_do_7_czerwca_2020"
"Zachodniopomorskie",90,0.76,-0.07,14,2.59,8,0.68,59,0.74,9,0.42,"2020_06A","1_do_7_czerwca_2020"
"Dolnośląskie",521,2.25,-0.72,48,4.36,45,1.98,316,2.04,112,2.58,"2020_06B","8_do_15_czerwca_2020"
"Kujawsko-Pomorskie",540,3.25,-0.2,125,15.85,60,3.48,285,2.55,70,2.42,"2020_06B","8_do_15_czerwca_2020"
"Lubelskie",207,1.23,-0.7,25,3.18,17,1,136,1.2,29,0.94,"2020_06B","8_do_15_czerwca_2020"
"Lubuskie",42,0.52,-0.54,6,1.56,5,0.59,22,0.4,9,0.64,"2020_06B","8_do_15_czerwca_2020"
"Łódzkie",284,1.44,-0.04,53,5.87,44,2.29,147,1.13,40,1.03,"2020_06B","8_do_15_czerwca_2020"
"Małopolskie",568,2.09,0.09,73,4.95,59,2.03,340,1.86,96,2.1,"2020_06B","8_do_15_czerwca_2020"
"Mazowieckie",1850,4.27,-0.77,289,12.09,262,5.58,1048,3.68,251,3.24,"2020_06B","8_do_15_czerwca_2020"
"Opolskie",137,1.74,-0.09,29,8.42,14,1.97,79,1.47,15,1.03,"2020_06B","8_do_15_czerwca_2020"
"Podkarpackie",80,0.47,0.16,6,0.72,7,0.4,44,0.38,23,0.81,"2020_06B","8_do_15_czerwca_2020"
"Podlaskie",67,0.71,0.18,17,3.73,6,0.65,33,0.52,11,0.67,"2020_06B","8_do_15_czerwca_2020"
"Pomorskie",1913,10.23,-1.17,283,27.08,200,9.57,1154,9.27,276,8.87,"2020_06B","8_do_15_czerwca_2020"
"Śląskie",907,2.51,-0.83,82,4.83,101,2.85,579,2.4,145,2.12,"2020_06B","8_do_15_czerwca_2020"
"Świętokrzyskie",140,1.41,-0.81,18,4.26,12,1.28,85,1.28,25,1.3,"2020_06B","8_do_15_czerwca_2020"
"Warmińsko-Mazurskie",190,1.67,-0.22,35,6.46,31,2.57,87,1.11,37,2,"2020_06B","8_do_15_czerwca_2020"
"Wielkopolskie",1352,4.83,-2.13,161,10.55,187,6.06,788,4.21,216,4.67,"2020_06B","8_do_15_czerwca_2020"
"Zachodniopomorskie",67,0.49,-0.26,9,1.46,7,0.52,44,0.48,7,0.29,"2020_06B","8_do_15_czerwca_2020"
